name,category
Butt Fitness,client
H.M. Fitness,client
Rehmat Lawn Mover,client
Barkat Trading Corporation,client
Divisonal Sports Officer Sargodha,client
Sammi Tensile Work,client
Faisalabad Light House,client
Mujahid Lights Lahore,client
Ashraf electric bedon rd,client
Kollective Solution PU Machine,client
District Jail Lahore Open Gym,client
Sabir paint ihr,client
Zuhaib,client
Pir  Mahal Complex,client
Bill expences PMU,client
Utility Bill,client
Gojra,client
Sailkot,client
